Workbook

Sheet Home
A1: SBOL Visual Citations
A3: Year | B3: SBOL Visual Papers | C3: SBOL Visual Tools
A4: 2013 | B4: =SUM('2013'!E5,'2015'!E5,'2018'!E5,'2019'!E5,'2020'!E5,'2020 Ontology'!E5,'2021'!E5,'2021 3.0'!E5) -> 6 | C4: =SUM('2013 Pigeon'!E5,'2016 VisBOL'!E5,'2017 DNAplotlib'!E5,'2017 SBOLDesigner 2'!E5,'2021 paraSBOL'!E5,'2021 SBOLCanvas'!E5) -> 5
A5: 2014 | B5: =SUM('2013'!E6,'2015'!E6,'2018'!E6,'2019'!E6,'2020'!E6,'2020 Ontology'!E6,'2021'!E6,'2021 3.0'!E6) -> 8 | C5: =SUM('2013 Pigeon'!E6,'2016 VisBOL'!E6,'2017 DNAplotlib'!E6,'2017 SBOLDesigner 2'!E6,'2021 paraSBOL'!E6,'2021 SBOLCanvas'!E6) -> 9
A6: 2015 | B6: =SUM('2013'!E7,'2015'!E7,'2018'!E7,'2019'!E7,'2020'!E7,'2020 Ontology'!E7,'2021'!E7,'2021 3.0'!E7) -> 6 | C6: =SUM('2013 Pigeon'!E7,'2016 VisBOL'!E7,'2017 DNAplotlib'!E7,'2017 SBOLDesigner 2'!E7,'2021 paraSBOL'!E7,'2021 SBOLCanvas'!E7) -> 6
A7: 2016 | B7: =SUM('2013'!E8,'2015'!E8,'2018'!E8,'2019'!E8,'2020'!E8,'2020 Ontology'!E8,'2021'!E8,'2021 3.0'!E8) -> 18 | C7: =SUM('2013 Pigeon'!E8,'2016 VisBOL'!E8,'2017 DNAplotlib'!E8,'2017 SBOLDesigner 2'!E8,'2021 paraSBOL'!E8,'2021 SBOLCanvas'!E8) -> 13
A8: 2017 | B8: =SUM('2013'!E9,'2015'!E9,'2018'!E9,'2019'!E9,'2020'!E9,'2020 Ontology'!E9,'2021'!E9,'2021 3.0'!E9) -> 25 | C8: =SUM('2013 Pigeon'!E9,'2016 VisBOL'!E9,'2017 DNAplotlib'!E9,'2017 SBOLDesigner 2'!E9,'2021 paraSBOL'!E9,'2021 SBOLCanvas'!E9) -> 21
A9: 2018 | B9: =SUM('2013'!E10,'2015'!E10,'2018'!E10,'2019'!E10,'2020'!E10,'2020 Ontology'!E10,'2021'!E10,'2021 3.0'!E10) -> 11 | C9: =SUM('2013 Pigeon'!E10,'2016 VisBOL'!E10,'2017 DNAplotlib'!E10,'2017 SBOLDesigner 2'!E10,'2021 paraSBOL'!E10,'2021 SBOLCanvas'!E10) -> 15
A10: 2019 | B10: =SUM('2013'!E11,'2015'!E11,'2018'!E11,'2019'!E11,'2020'!E11,'2020 Ontology'!E11,'2021'!E11,'2021 3.0'!E11) -> 29 | C10: =SUM('2013 Pigeon'!E11,'2016 VisBOL'!E11,'2017 DNAplotlib'!E11,'2017 SBOLDesigner 2'!E11,'2021 paraSBOL'!E11,'2021 SBOLCanvas'!E11) -> 20
A11: 2020 | B11: =SUM('2013'!E12,'2015'!E12,'2018'!E12,'2019'!E12,'2020'!E12,'2020 Ontology'!E12,'2021'!E12,'2021 3.0'!E12) -> 28 | C11: =SUM('2013 Pigeon'!E12,'2016 VisBOL'!E12,'2017 DNAplotlib'!E12,'2017 SBOLDesigner 2'!E12,'2021 paraSBOL'!E12,'2021 SBOLCanvas'!E12) -> 30
A12: 2021 | B12: =SUM('2013'!E13,'2015'!E13,'2018'!E13,'2019'!E13,'2020'!E13,'2020 Ontology'!E13,'2021'!E13,'2021 3.0'!E13) -> 28 | C12: =SUM('2013 Pigeon'!E13,'2016 VisBOL'!E13,'2017 DNAplotlib'!E13,'2017 SBOLDesigner 2'!E13,'2021 paraSBOL'!E13,'2021 SBOLCanvas'!E13) -> 20
A13: 2022 | B13: =SUM('2013'!E14,'2015'!E14,'2018'!E14,'2019'!E14,'2020'!E14,'2020 Ontology'!E14,'2021'!E14,'2021 3.0'!E14) -> 8 | C13: =SUM('2013 Pigeon'!E14,'2016 VisBOL'!E14,'2017 DNAplotlib'!E14,'2017 SBOLDesigner 2'!E14,'2021 paraSBOL'!E14,'2021 SBOLCanvas'!E14) -> 10
A14: 2023 | B14: =SUM('2013'!E15,'2015'!E15,'2018'!E15,'2019'!E15,'2020'!E15,'2020 Ontology'!E15,'2021'!E15,'2021 3.0'!E15) -> 7 | C14: =SUM('2013 Pigeon'!E15,'2016 VisBOL'!E15,'2017 DNAplotlib'!E15,'2017 SBOLDesigner 2'!E15,'2021 paraSBOL'!E15,'2021 SBOLCanvas'!E15) -> 5
A15: 2024 | B15: =SUM('2013'!E16,'2015'!E16,'2018'!E16,'2019'!E16,'2020'!E16,'2020 Ontology'!E16,'2021'!E16,'2021 3.0'!E16) -> 14 | C15: =SUM('2013 Pigeon'!E16,'2016 VisBOL'!E16,'2017 DNAplotlib'!E16,'2017 SBOLDesigner 2'!E16,'2021 paraSBOL'!E16,'2021 SBOLCanvas'!E16) -> 10
A16: 2025 | B16: =SUM('2013'!E17,'2015'!E17,'2018'!E17,'2019'!E17,'2020'!E17,'2020 Ontology'!E17,'2021'!E17,'2021 3.0'!E17) -> 3 | C16: =SUM('2013 Pigeon'!E17,'2016 VisBOL'!E17,'2017 DNAplotlib'!E17,'2017 SBOLDesigner 2'!E17,'2021 paraSBOL'!E17,'2021 SBOLCanvas'!E17) -> 1

Sheet 2013
A1: SBOL Visual Citations
A3: Synthetic Biology Open Language Visual (SBOL Visual), version 1.0.0 | B3: 2013
A4: Title | B4: Year | D4: Year | E4: Citations
A5: Developments in the tools and methodologies of synthetic biology | B5: 2014 | D5: 2013 | E5: =COUNTIF(Table123[Year],D5) -> 6
A6: A standard-enabled workflow for synthetic biology | B6: 2017 | D6: 2014 | E6: =COUNTIF(Table123[Year],D6) -> 8
A7: Sharing structure and function in biological design with SBOL 2.0 | B7: 2016 | D7: 2015 | E7: =COUNTIF(Table123[Year],D7) -> 5
A8: Communicating structure and function in synthetic biology diagrams | B8: 2019 | D8: 2016 | E8: =COUNTIF(Table123[Year],D8) -> 2
A9: Pigeon: a design visualizer for synthetic biology | B9: 2013 | D9: 2017 | E9: =COUNTIF(Table123[Year],D9) -> 3
A10: Grid-based temporal logic inference | B10: 2017 | D10: 2018 | E10: =COUNTIF(Table123[Year],D10) -> 0
A11: Metabolomics, standards, and metabolic modeling for synthetic biology in plants | B11: 2015 | D11: 2019 | E11: =COUNTIF(Table123[Year],D11) -> 1
A12: Directed acyclic graph-based technology mapping of genetic circuit models | B12: 2014 | D12: 2020 | E12: =COUNTIF(Table123[Year],D12) -> 1
A13: Generating systems biology markup language models from the synthetic biology open language | B13: 2015 | D13: 2021 | E13: =COUNTIF(Table123[Year],D13) -> 0
A14: Improving synthetic biology communication: recommended practices for visual depiction and digital submission of genetic designs | B14: 2016 | D14: 2022 | E14: =COUNTIF(Table123[Year],D14) -> 0
A15: A methodology to annotate systems biology markup language models with the synthetic biology open language | B15: 2014 | D15: 2023 | E15: =COUNTIF(Table123[Year],D15) -> 0
A16: Proposed data model for the next version of the Synthetic Biology Open Language | B16: 2015 | D16: 2024 | E16: =COUNTIF(Table123[Year],D16) -> 0
A17: Stochastic model checking of genetic circuits | B17: 2014 | D17: 2025 | E17: =COUNTIF(Table123[Year],D17) -> 0
A18: A Forward-Design Approach to Increase the Production of Poly-3-Hydroxybutyrate in Genetically Engineered Escherichia coli | B18: 2015
A19: Web-based software tool for constraint-based design specification of synthetic biological systems | B19: 2015
A20: Tuning receiver characteristics in bacterial quorum communication: An evolutionary approach using standard virtual biological parts | B20: 2014
A21: SBOL visual 2 ontology | B21: 2020
A22: Platforms for genetic design automation | B22: 2013
A23: SBOL: A community standard for communicating designs in synthetic biology | B23: 2013
A24: A visual language for protein design | B24: 2017
A25: The synthetic biology open language | B25: 2014
A26: Introduction to the Special Issue on Computational Synthetic Biology | B26: 2014
A27: Technology mapping of genetic circuit designs | B27: 2014
A28: Synthetic biology open language visual: an ontological use case | B28: 2013
A29: Recent Advances in the Synthetic Biology Open Language | B29: 2013
A30: Synthetic Biology Open Language Visual: An Open-Source Graphical Notation for Synthetic Biology | B30: 2013

Sheet 2015
A1: SBOL Visual Citations
A3: SBOL Visual: A Graphical Language for Genetic Designs | B3: 2015
A4: Title | B4: Year | D4: Year | E4: Citations
A5: An experimentally verified mechanistic model for predicting quorum sensing-based switches | B5: 2025 | D5: 2013 | E5: =COUNTIF(Table1[Year],D5) -> 0
A6: Unravelling the regulatory network behind chitin degradation in Serratia marcescens. | B6: 2025 | D6: 2014 | E6: =COUNTIF(Table1[Year],D6) -> 0
A7: Characterization and orthogonality assessment of two quorum sensing systems for synthetic biology applications | B7: 2025 | D7: 2015 | E7: =COUNTIF(Table1[Year],D7) -> 1
A8: Energy Aware Technology Mapping of Genetic Logic Circuits | B8: 2024 | D8: 2016 | E8: =COUNTIF(Table1[Year],D8) -> 15
A9: Fundamentals and Exceptions of the LysR-type Transcriptional Regulators. | B9: 2024 | D9: 2017 | E9: =COUNTIF(Table1[Year],D9) -> 16
A10: Delaying production with prokaryotic inducible expression systems | B10: 2024 | D10: 2018 | E10: =COUNTIF(Table1[Year],D10) -> 6
A11: DSCI: a database of synthetic biology components for innate immunity and cell engineering decision-making processes | B11: 2024 | D11: 2019 | E11: =COUNTIF(Table1[Year],D11) -> 13
A12: Theory and design in the biotechnical age: A schematic understanding of Bio Design and Synthetic Biology practice | B12: 2024 | D12: 2020 | E12: =COUNTIF(Table1[Year],D12) -> 10
A13: Automated Platform for the Plasmid Construction Process | B13: 2023 | D13: 2021 | E13: =COUNTIF(Table1[Year],D13) -> 9
A14: A tuneable genetic switch for tight control of tac promoters in Escherichia coli boosts expression of synthetic injectisomes | B14: 2023 | D14: 2022 | E14: =COUNTIF(Table1[Year],D14) -> 5
A15: Optimization of CRISPR–Cas system for clinical cancer therapy | B15: 2022 | D15: 2023 | E15: =COUNTIF(Table1[Year],D15) -> 2
A16: Engineering genetic circuits: advancements in genetic design automation tools and standards for synthetic biology. | B16: 2022 | D16: 2024 | E16: =COUNTIF(Table1[Year],D16) -> 5
A17: Tyto: A Python Tool Enabling Better Annotation Practices for Synthetic Biology Data-Sharing. | B17: 2022 | D17: 2025 | E17: =COUNTIF(Table1[Year],D17) -> 3
A18: EMMA-CAD: Design Automation for Synthetic Mammalian Constructs. | B18: 2022
A19: Synthetic biology tools: Engineering microbes for biotechnological applications | B19: 2022
A20: Stochastic Hazard Analysis of Genetic Circuits in iBioSim and STAMINA. | B20: 2021
A21: Data sharing policies: share well and you shall be rewarded | B21: 2021
A22: BioParts-A Biological Parts Search Portal and Updates to the ICE Parts Registry Software Platform. | B22: 2021
A23: Synthetic Biology in Plants, a Boon for Coming Decades | B23: 2021
A24: Engineering and standardization of posttranscriptional biocircuitry in Saccharomyces cerevisiae. | B24: 2021
A25: Comparative analysis of three studies measuring fluorescence from engineered bacterial genetic constructs | B25: 2021
A26: SynBiopython: an open-source software library for Synthetic Biology | B26: 2021
A27: Status and Challenges of Reproducibility in Computational Systems and Synthetic Biology | B27: 2021
A28: Automated Execution of Simulation Studies in Systems Medicine Using SED-ML and COMBINE Archive | B28: 2021
A29: The Synthetic Biology Open Language (SBOL) Version 3: Simplified Data Exchange for Bioengineering | B29: 2020
... A89: Computational Synthetic Biology: Progress and the Road Ahead | B89: 2015

Sheet 2018
A1: SBOL Visual Citations
A3: Synthetic Biology Open Language Visual (SBOL Visual) Version 2.0 | B3: 2018
A4: Title | B4: Year | D4: Year | E4: Citations
A5: Synthetic biology tools: Engineering microbes for biotechnological applications | B5: 2022 | D5: 2013 | E5: =COUNTIF(Table16[Year],D5) -> 0
A6: Principles of synthetic biology | B6: 2021 | D6: 2014 | E6: =COUNTIF(Table16[Year],D6) -> 0
A7: In Silico Design and Analysis of Genetic Circuit-Based Whole-Cell Biosensors for Detecting Groundwater Contaminants | B7: 2020 | D7: 2015 | E7: =COUNTIF(Table16[Year],D7) -> 0
A8: Edition of complex gene families in tobacco with GoldenBraid 4.0, a multipurpose web-based platform for plant genome engineering | B8: 2020 | D8: 2016 | E8: =COUNTIF(Table16[Year],D8) -> 1
A9: The Synthetic Biology Open Language (SBOL) Version 3: Simplified Data Exchange for Bioengineering | B9: 2020 | D9: 2017 | E9: =COUNTIF(Table16[Year],D9) -> 5
A10: Engineered Pseudomonas putida simultaneously catabolizes five major components of lignocellulosic biomass: Glucose, xylose, arabinose, coumaric acid, and acetic acid. | B10: 2020 | D10: 2018 | E10: =COUNTIF(Table16[Year],D10) -> 5
A11: Overview: Standards for Modeling in Systems Medicine | B11: 2020 | D11: 2019 | E11: =COUNTIF(Table16[Year],D11) -> 9
A12: Contemporary Tools for Regulating Gene Expression in Bacteria. | B12: 2020 | D12: 2020 | E12: =COUNTIF(Table16[Year],D12) -> 7
A13: SBOL Visual 2 Ontology | B13: 2020 | D13: 2021 | E13: =COUNTIF(Table16[Year],D13) -> 1
A14: DNA-BOT: a low-cost, automated DNA assembly platform for synthetic biology | B14: 2019 | D14: 2022 | E14: =COUNTIF(Table16[Year],D14) -> 1
A15: Industrializing a bacterial strain for L-serine production through translation initiation optimization. | B15: 2019 | D15: 2023 | E15: =COUNTIF(Table16[Year],D15) -> 0
A16: Communicating Structure and Function in Synthetic Biology Diagrams. | B16: 2019 | D16: 2024 | E16: =COUNTIF(Table16[Year],D16) -> 0
A17: Tunable genetic devices through simultaneous control of transcription and translation | B17: 2019 | D17: 2025 | E17: =COUNTIF(Table16[Year],D17) -> 0
A18: Specifying Combinatorial Designs with the Synthetic Biology Open Language (SBOL). | B18: 2019
A19: Specifications of Standards in Systems and Synthetic Biology: Status and Developments in 2019 | B19: 2019
A20: CRISPR/Cas12a Multiplex Genome Editing of Saccharomyces cerevisiae and the Creation of Yeast Pixel Art. | B20: 2019
A21: Towards engineering the microalga Chlorella sorokiniana for the production of tailored high-value oils | B21: 2019
A22: Opportunities and Challenges in Applying Artificial Intelligence to Bioengineering | B22: 2019
A23: A systems engineering approach to model, tune and test synthetic gene circuits | B23: 2018
A24: Gsmodutils: a python based framework for test-driven genome scale metabolic model development | B24: 2018
A25: Synthetic genome defenses against selfish DNA elements stabilize engineered bacteria against evolutionary failure | B25: 2018
A26: Engineering synthetic regulatory circuits in plants. | B26: 2018
A27: Specifications of Standards in Systems and Synthetic Biology: Status and Developments in 2017 | B27: 2018
A28: Data model for biopart datasheets | B28: 2017
A29: Grid-based temporal logic inference | B29: 2017
... A33: Sharing Structure and Function in Biological Design with SBOL 2.0. | B33: 2016

Sheet 2019
A1: SBOL Visual Citations
A3: Synthetic Biology Open Language Visual (SBOL Visual) Version 2.1 | B3: 2019
A4: Title | B4: Year | D4: Year | E4: Citations
A5: Python for gene expression | B5: 2021 | D5: 2013 | E5: =COUNTIF(Table1810[Year],D5) -> 0
A6: Engineering and standardization of posttranscriptional biocircuitry in Saccharomyces cerevisiae. | B6: 2021 | D6: 2014 | E6: =COUNTIF(Table1810[Year],D6) -> 0
A7: A Framework for Implementing Metaheuristic Algorithms Using Intercellular Communication | B7: 2021 | D7: 2015 | E7: =COUNTIF(Table1810[Year],D7) -> 0
A8: Combinatorial metabolic pathway assembly approaches and toolkits for modular assembly. | B8: 2020 | D8: 2016 | E8: =COUNTIF(Table1810[Year],D8) -> 0
A9: Synthetic biology, engineering biology, market expectation | B9: 2020 | D9: 2017 | E9: =COUNTIF(Table1810[Year],D9) -> 1
A10: The Synthetic Biology Open Language (SBOL) Version 3: Simplified Data Exchange for Bioengineering | B10: 2020 | D10: 2018 | E10: =COUNTIF(Table1810[Year],D10) -> 0
A11: The long journey towards standards for engineering biosystems | B11: 2020 | D11: 2019 | E11: =COUNTIF(Table1810[Year],D11) -> 4
A12: : The long journey towards standards for engineering biosystems SUBTITLE: Is the Molecular Biology and the Biotech community ready? | B12: 2020 | D12: 2020 | E12: =COUNTIF(Table1810[Year],D12) -> 5
A13: DNA-BOT: a low-cost, automated DNA assembly platform for synthetic biology | B13: 2019 | D13: 2021 | E13: =COUNTIF(Table1810[Year],D13) -> 3
A14: Digitalizing heterologous gene expression in Gram‐negative bacteria with a portable ON/OFF module | B14: 2019 | D14: 2022 | E14: =COUNTIF(Table1810[Year],D14) -> 0
A15: Communicating Structure and Function in Synthetic Biology Diagrams. | B15: 2019 | D15: 2023 | E15: =COUNTIF(Table1810[Year],D15) -> 0
A16: Specifications of Standards in Systems and Synthetic Biology: Status and Developments in 2019 | B16: 2019 | D16: 2024 | E16: =COUNTIF(Table1810[Year],D16) -> 0
A17: A Visual Language for Protein Design. | B17: 2017 | D17: 2025 | E17: =COUNTIF(Table1810[Year],D17) -> 0

Sheet 2020
A1: SBOL Visual Citations
A3: Synthetic biology open language visual (SBOL visual) version 2.2 | B3: 2020
A4: Title | B4: Year | D4: Year | E4: Citations
A5: Advances, challenges, and opportunities in DNA sequencing technology | B5: 2022 | D5: 2013 | E5: =COUNTIF(Table1812[Year],D5) -> 0
A6: Principles of synthetic biology | B6: 2021 | D6: 2014 | E6: =COUNTIF(Table1812[Year],D6) -> 0
A7: paraSBOLv: a foundation for standard-compliant genetic design visualization tools | B7: 2021 | D7: 2015 | E7: =COUNTIF(Table1812[Year],D7) -> 0
A8: The GB4.0 Platform, an All-In-One Tool for CRISPR/Cas-Based Multiplex Genome Engineering in Plants | B8: 2021 | D8: 2016 | E8: =COUNTIF(Table1812[Year],D8) -> 0
A9: A Framework for Implementing Metaheuristic Algorithms Using Intercellular Communication | B9: 2021 | D9: 2017 | E9: =COUNTIF(Table1812[Year],D9) -> 0
A10: Massively parallel characterization of engineered transcript isoforms using direct RNA sequencing | B10: 2021 | D10: 2018 | E10: =COUNTIF(Table1812[Year],D10) -> 0
A11: Edition of complex gene families in tobacco with GoldenBraid 4.0, a multipurpose web-based platform for plant genome engineering | B11: 2020 | D11: 2019 | E11: =COUNTIF(Table1812[Year],D11) -> 1
A12: Synthetic biology open language (SBOL) version 3.0.0 | B12: 2020 | D12: 2020 | E12: =COUNTIF(Table1812[Year],D12) -> 3
A13: Specifications of standards in systems and synthetic biology: status and developments in 2020 | B13: 2020 | D13: 2021 | E13: =COUNTIF(Table1812[Year],D13) -> 5
A14: Communicating Structure and Function in Synthetic Biology Diagrams. | B14: 2019 | D14: 2022 | E14: =COUNTIF(Table1812[Year],D14) -> 1
D15: 2023 | E15: =COUNTIF(Table1812[Year],D15) -> 0
D16: 2024 | E16: =COUNTIF(Table1812[Year],D16) -> 0
D17: 2025 | E17: =COUNTIF(Table1812[Year],D17) -> 0

Sheet 2020 Ontology
A1: SBOL Visual Citations
A3: SBOL Visual 2 Ontology | B3: 2020
A4: Title | B4: Year | D4: Year | E4: Citations
A5: paraSBOLv: a foundation for standard-compliant genetic design visualization tools | B5: 2021 | D5: 2013 | E5: =COUNTIF(Table14[Year],D5) -> 0
A6: A systematic approach to inserting split inteins for Boolean logic gate engineering and basal activity reduction | B6: 2021 | D6: 2014 | E6: =COUNTIF(Table14[Year],D6) -> 0
A7: Towards collaborative and automated development of resources for data standards in synthetic biology | B7: 2021 | D7: 2015 | E7: =COUNTIF(Table14[Year],D7) -> 0
A8: Combinatorial metabolic pathway assembly approaches and toolkits for modular assembly. | B8: 2020 | D8: 2016 | E8: =COUNTIF(Table14[Year],D8) -> 0
A9: The Synthetic Biology Open Language (SBOL) Version 3: Simplified Data Exchange for Bioengineering | B9: 2020 | D9: 2017 | E9: =COUNTIF(Table14[Year],D9) -> 0
D10: 2018 | E10: =COUNTIF(Table14[Year],D10) -> 0
D11: 2019 | E11: =COUNTIF(Table14[Year],D11) -> 0
D12: 2020 | E12: =COUNTIF(Table14[Year],D12) -> 2
D13: 2021 | E13: =COUNTIF(Table14[Year],D13) -> 3
D14: 2022 | E14: =COUNTIF(Table14[Year],D14) -> 0
D15: 2023 | E15: =COUNTIF(Table14[Year],D15) -> 0
D16: 2024 | E16: =COUNTIF(Table14[Year],D16) -> 0
D17: 2025 | E17: =COUNTIF(Table14[Year],D17) -> 0

Sheet 2021
A1: SBOL Visual Citations
A3: Synthetic biology open language visual (SBOL Visual) version 2.3 | B3: 2021
A4: Title | B4: Year | D4: Year | E4: Citations
A5: Specifications of standards in systems and synthetic biology: status, developments, and tools in 2024 | B5: 2024 | D5: 2013 | E5: =COUNTIF(Table18[Year],D5) -> 0
A6: Specifications of standards in systems and synthetic biology: status and developments in 2022 and the COMBINE meeting 2022 | B6: 2023 | D6: 2014 | E6: =COUNTIF(Table18[Year],D6) -> 0
A7: A Network Approach to Genetic Circuit Designs | B7: 2021 | D7: 2015 | E7: =COUNTIF(Table18[Year],D7) -> 0
A8: Specifications of standards in systems and synthetic biology: status and developments in 2021 | B8: 2021 | D8: 2016 | E8: =COUNTIF(Table18[Year],D8) -> 0
A9: Virtual Parts Repository 2: Model-driven design of genetic regulatory circuits | B9: 2021 | D9: 2017 | E9: =COUNTIF(Table18[Year],D9) -> 0
A10: Towards collaborative and automated development of resources for data standards in synthetic biology | B10: 2021 | D10: 2018 | E10: =COUNTIF(Table18[Year],D10) -> 0
A11: DNA-BOT: a low-cost, automated DNA assembly platform for synthetic biology | B11: 2019 | D11: 2019 | E11: =COUNTIF(Table18[Year],D11) -> 1
D12: 2020 | E12: =COUNTIF(Table18[Year],D12) -> 0
D13: 2021 | E13: =COUNTIF(Table18[Year],D13) -> 4
D14: 2022 | E14: =COUNTIF(Table18[Year],D14) -> 0
D15: 2023 | E15: =COUNTIF(Table18[Year],D15) -> 1
D16: 2024 | E16: =COUNTIF(Table18[Year],D16) -> 1
D17: 2025 | E17: =COUNTIF(Table18[Year],D17) -> 0

Sheet 2021 3.0
A1: SBOL Visual Citations
A3: Synthetic biology open language visual (SBOL visual) version 3.0 | B3: 2021
A4: Title | B4: Year | D4: Year | E4: Citations
A5: BioPAX in 2024: Where we are and where we are heading | B5: 2024 | D5: 2013 | E5: =COUNTIF(Table1814[Year],D5) -> 0
A6: Translating weighted probabilistic bits to synthetic genetic circuits | B6: 2024 | D6: 2014 | E6: =COUNTIF(Table1814[Year],D6) -> 0
A7: Data hazards in synthetic biology | B7: 2024 | D7: 2015 | E7: =COUNTIF(Table1814[Year],D7) -> 0
A8: Engineering is evolution: a perspective on design processes to engineer biology. | B8: 2024 | D8: 2016 | E8: =COUNTIF(Table1814[Year],D8) -> 0
A9: Simulations predict stronger CRISPRi transcriptional repression in plants for identical than heterogeneous gRNA target sites | B9: 2024 | D9: 2017 | E9: =COUNTIF(Table1814[Year],D9) -> 0
A10: Automatic design of gene regulatory mechanisms for spatial pattern formation | B10: 2024 | D10: 2018 | E10: =COUNTIF(Table1814[Year],D10) -> 0
A11: Specifications of standards in systems and synthetic biology: status, developments, and tools in 2024 | B11: 2024 | D11: 2019 | E11: =COUNTIF(Table1814[Year],D11) -> 0
A12: Genetic Parts and Enabling Tools for Biocircuit Design. | B12: 2024 | D12: 2020 | E12: =COUNTIF(Table1814[Year],D12) -> 0
A13: Base editing enables duplex point mutagenesis in Clostridium autoethanogenum at the price of numerous off-target mutations | B13: 2023 | D13: 2021 | E13: =COUNTIF(Table1814[Year],D13) -> 3
A14: SynBioSuite: A Tool for Improving the Workflow for Genetic Design and Modeling. | B14: 2023 | D14: 2022 | E14: =COUNTIF(Table1814[Year],D14) -> 1
A15: Specifications of standards in systems and synthetic biology: status and developments in 2022 and the COMBINE meeting 2022 | B15: 2023 | D15: 2023 | E15: =COUNTIF(Table1814[Year],D15) -> 4
A16: Advancing reproducibility can ease the 'hard truths' of synthetic biology. | B16: 2023 | D16: 2024 | E16: =COUNTIF(Table1814[Year],D16) -> 8
A17: Python for gene expression [version 1; peer review: 2 approved] | B17: 2022 | D17: 2025 | E17: =COUNTIF(Table1814[Year],D17) -> 0
A18: Stochastic Hazard Analysis of Genetic Circuits in iBioSim and STAMINA. | B18: 2021
A19: Specifications of standards in systems and synthetic biology: status and developments in 2021 | B19: 2021
A20: The GB4.0 Platform, an All-In-One Tool for CRISPR/Cas-Based Multiplex Genome Engineering in Plants | B20: 2021

Sheet 2013 Pigeon
A1: SBOL Visual Citations
A3: Pigeon: a design visualizer for synthetic biology. | B3: 2013
A4: Title | B4: Year | D4: Year | E4: Citations
A5: Synthetic Biology in Plants, a Boon for Coming Decades | B5: 2021 | D5: 2013 | E5: =COUNTIF(Table181416202429[Year],D5) -> 5
A6: paraSBOLv: a foundation for standard-compliant genetic design visualization tools | B6: 2021 | D6: 2014 | E6: =COUNTIF(Table181416202429[Year],D6) -> 9
A7: The Synthetic Biology Open Language (SBOL) Version 3: Simplified Data Exchange for Bioengineering | B7: 2020 | D7: 2015 | E7: =COUNTIF(Table181416202429[Year],D7) -> 6
A8: Antimicrobial solid media for screening non‐sterile Arabidopsis thaliana seeds | B8: 2020 | D8: 2016 | E8: =COUNTIF(Table181416202429[Year],D8) -> 10
A9: Antimicrobial solid media for screening non-sterile Arabidopsis thaliana seeds | B9: 2019 | D9: 2017 | E9: =COUNTIF(Table181416202429[Year],D9) -> 11
A10: Modeling transcriptional factor cross-talk to understand parabolic kinetics, bimodal gene expression and retroactivity in biosensor design | B10: 2019 | D10: 2018 | E10: =COUNTIF(Table181416202429[Year],D10) -> 3
A11: Natural Bio-active Compounds: Volume 1: Production and Applications | B11: 2019 | D11: 2019 | E11: =COUNTIF(Table181416202429[Year],D11) -> 4
A12: Production and Application of Novel Bio-active Compounds by Endophytic Microbes | B12: 2019 | D12: 2020 | E12: =COUNTIF(Table181416202429[Year],D12) -> 2
A13: Towards an Aspect-Oriented Design and Modelling Framework for Synthetic Biology | B13: 2018 | D13: 2021 | E13: =COUNTIF(Table181416202429[Year],D13) -> 2
A14: Automated Visualization of Genetic Designs Using DNAplotlib. | B14: 2018 | D14: 2022 | E14: =COUNTIF(Table181416202429[Year],D14) -> 0
A15: SynBioHub: A Standards-Enabled Design Repository for Synthetic Biology. | B15: 2018 | D15: 2023 | E15: =COUNTIF(Table181416202429[Year],D15) -> 0
A16: Data model for biopart datasheets | B16: 2017 | D16: 2024 | E16: =COUNTIF(Table181416202429[Year],D16) -> 0
A17: Automated Robotic Liquid Handling Assembly of Modular DNA Devices | B17: 2017 | D17: 2025 | E17: =COUNTIF(Table181416202429[Year],D17) -> 0
A18: De novo assembly of genomes from long sequence reads reveals uncharted territories of Propionibacterium freudenreichii | B18: 2017
A19: DNAplotlib: Programmable Visualization of Genetic Designs and Associated Data. | B19: 2017
A20: A standard-enabled workflow for synthetic biology. | B20: 2017
A21: Design Automation in Synthetic Biology. | B21: 2017
A22: [Application of microelectronics CAD tools to synthetic biology]. | B22: 2017
A23: Determining virus-host interactions and glycerol metabolism profiles in geographically diverse solar salterns with metagenomics | B23: 2017
A24: An end-to-end solution for automation of biological protocols | B24: 2017
A25: 1 Stochastic Model Checking of Genetic Circuits | B25: 2017
A26: RSMLab : a web-based tool for recombinase-based state machine design and visualization | B26: 2017
A27: Development of a Bacillus subtilis cell-free transcription-translation system for prototyping regulatory elements. | B27: 2016
A28: GeNeDA: An Open-Source Workflow for Design Automation of Gene Regulatory Networks Inspired from Microelectronics | B28: 2016
A29: Improving Synthetic Biology Communication: Recommended Practices for Visual Depiction and Digital Submission of Genetic Designs. | B29: 2016
... A56: Synthetic Biology Open Language Visual: An Open-Source Graphical Notation for Synthetic Biology | B56: 2013

Sheet 2016 VisBOL
A1: SBOL Visual Citations
A3: VisBOL: Web-Based Tools for Synthetic Biology Design Visualization. | B3: 2016
A4: Title | B4: Year | D4: Year | E4: Citations
A5: Tyto: A Python Tool Enabling Better Annotation Practices for Synthetic Biology Data-Sharing. | B5: 2022 | D5: 2013 | E5: =COUNTIF(Table1814162024[Year],D5) -> 0
A6: Synthetic Biology in Plants, a Boon for Coming Decades | B6: 2021 | D6: 2014 | E6: =COUNTIF(Table1814162024[Year],D6) -> 0
A7: paraSBOLv: a foundation for standard-compliant genetic design visualization tools | B7: 2021 | D7: 2015 | E7: =COUNTIF(Table1814162024[Year],D7) -> 0
A8: Flapjack: a data management and analysis tool for genetic circuit characterization | B8: 2020 | D8: 2016 | E8: =COUNTIF(Table1814162024[Year],D8) -> 2
A9: The Synthetic Biology Open Language (SBOL) Version 3: Simplified Data Exchange for Bioengineering | B9: 2020 | D9: 2017 | E9: =COUNTIF(Table1814162024[Year],D9) -> 4
A10: Teaching Experience | B10: 2020 | D10: 2018 | E10: =COUNTIF(Table1814162024[Year],D10) -> 3
A11: ShortBOL: A language for scripting designs for engineered biological systems using SyntheticBiology Open Language (SBOL). | B11: 2020 | D11: 2019 | E11: =COUNTIF(Table1814162024[Year],D11) -> 1
A12: Digital Circuit Design for Biological and Silicon Computers | B12: 2020 | D12: 2020 | E12: =COUNTIF(Table1814162024[Year],D12) -> 5
A13: Communicating Structure and Function in Synthetic Biology Diagrams. | B13: 2019 | D13: 2021 | E13: =COUNTIF(Table1814162024[Year],D13) -> 2
A14: sboljs: Bringing the Synthetic Biology Open Language to the Web Browser. | B14: 2018 | D14: 2022 | E14: =COUNTIF(Table1814162024[Year],D14) -> 1
A15: Automated Visualization of Genetic Designs Using DNAplotlib. | B15: 2018 | D15: 2023 | E15: =COUNTIF(Table1814162024[Year],D15) -> 0
A16: SynBioHub: A Standards-Enabled Design Repository for Synthetic Biology. | B16: 2018 | D16: 2024 | E16: =COUNTIF(Table1814162024[Year],D16) -> 0
A17: Proceedings of the 2017 Winter Simulation Conference | B17: 2017 | D17: 2025 | E17: =COUNTIF(Table1814162024[Year],D17) -> 0
A18: A brief history of COMBINE | B18: 2017
A19: DNAplotlib: Programmable Visualization of Genetic Designs and Associated Data. | B19: 2017
A20: A standard-enabled workflow for synthetic biology. | B20: 2017
A21: The SBOL Stack: A Platform for Storing, Publishing, and Sharing Synthetic Biology Designs. | B21: 2016
A22: Deriving stress-specific biomarkers for Bacillus subtilis from the integration of RNA-seq and tiling data | B22: 2016

Sheet 2017 DNAplotlib
A1: SBOL Visual Citations
A3: DNAplotlib: Programmable Visualization of Genetic Designs and Associated Data. | B3: 2017
A4: Title | B4: Year | D4: Year | E4: Citations
A5: Specifications of standards in systems and synthetic biology: status, developments, and tools in 2024 | B5: 2024 | D5: 2013 | E5: =COUNTIF(Table18141620242618[Year],D5) -> 0
A6: Genetic Parts and Enabling Tools for Biocircuit Design. | B6: 2024 | D6: 2014 | E6: =COUNTIF(Table18141620242618[Year],D6) -> 0
A7: Living Material with Temperature‐Dependent Light Absorption | B7: 2023 | D7: 2015 | E7: =COUNTIF(Table18141620242618[Year],D7) -> 0
A8: Pan-genome survey of the fish pathogen Yersinia ruckeri links accessory- and amplified genes to virulence | B8: 2023 | D8: 2016 | E8: =COUNTIF(Table18141620242618[Year],D8) -> 1
A9: Cross-kingdom expression of synthetic genetic elements promotes discovery of metabolites in the human microbiome | B9: 2022 | D9: 2017 | E9: =COUNTIF(Table18141620242618[Year],D9) -> 4
A10: Tyto: A Python Tool Enabling Better Annotation Practices for Synthetic Biology Data-Sharing. | B10: 2022 | D10: 2018 | E10: =COUNTIF(Table18141620242618[Year],D10) -> 4
A11: Genetic circuit design automation with Cello 2.0 | B11: 2022 | D11: 2019 | E11: =COUNTIF(Table18141620242618[Year],D11) -> 5
A12: paraSBOLv: a foundation for standard-compliant genetic design visualization tools | B12: 2021 | D12: 2020 | E12: =COUNTIF(Table18141620242618[Year],D12) -> 12
A13: Evolution of genome fragility enables microbial division of labor | B13: 2021 | D13: 2021 | E13: =COUNTIF(Table18141620242618[Year],D13) -> 8
A14: Virtual Parts Repository 2: Model-driven design of genetic regulatory circuits | B14: 2021 | D14: 2022 | E14: =COUNTIF(Table18141620242618[Year],D14) -> 3
A15: Massively parallel characterization of engineered transcript isoforms using direct RNA sequencing | B15: 2021 | D15: 2023 | E15: =COUNTIF(Table18141620242618[Year],D15) -> 2
A16: SynBiopython: an open-source software library for Synthetic Biology | B16: 2021 | D16: 2024 | E16: =COUNTIF(Table18141620242618[Year],D16) -> 2
A17: Characterizing Genetic Parts and Devices Using RNA Sequencing. | B17: 2021 | D17: 2025 | E17: =COUNTIF(Table18141620242618[Year],D17) -> 0
A18: Engineering Sensors for Gene Expression Burden. | B18: 2021
A19: Engineering Logical Inflammation Sensing and Secreting Circuit for Gut Modulation | B19: 2021
A20: Combinatorial metabolic pathway assembly approaches and toolkits for modular assembly. | B20: 2020
A21: Diagnostic and Therapeutic Microbial Circuit with Application to Intestinal Inflammation | B21: 2020
A22: Synthetic neural-like computing in microbial consortia for pattern recognition | B22: 2020
A23: The Synthetic Biology Open Language (SBOL) Version 3: Simplified Data Exchange for Bioengineering | B23: 2020
A24: A role for Biofoundries in rapid development and validation of automated SARS-CoV-2 clinical diagnostics | B24: 2020
A25: BioCRNpyler: Compiling chemical reaction networks from biomolecular parts in diverse contexts | B25: 2020
A26: Harnessing the central dogma for stringent multi-level control of gene expression | B26: 2020
A27: Cheetah: a computational toolkit for cybergenetic control | B27: 2020
A28: Dynamical model fitting to a synthetic positive feedback circuit in E. coli | B28: 2020
A29: Sparse estimation of mutual information landscapes quantifies information transmission through cellular biochemical reaction networks | B29: 2020
... A45: Agent-based modelling in synthetic biology | B45: 2016

Sheet 2017 SBOLDesigner 2
A1: SBOL Visual Citations
A3: SBOLDesigner 2: An Intuitive Tool for Structural Genetic Design. | B3: 2021
A4: Title | B4: Year | D4: Year | E4: Citations
A5: Evaluating the Contribution of Model Complexity in Predicting Robustness in Synthetic Genetic Circuits. | B5: 2024 | D5: 2013 | E5: =COUNTIF(Table18141620242616[Year],D5) -> 0
A6: GOLDBAR: A Framework for Combinatorial Biological Design. | B6: 2024 | D6: 2014 | E6: =COUNTIF(Table18141620242616[Year],D6) -> 0
A7: Technologies for design-build-test-learn automation and computational modelling across the synthetic biology workflow: a review | B7: 2024 | D7: 2015 | E7: =COUNTIF(Table18141620242616[Year],D7) -> 0
A8: pyBrick-DNA: A Python-Based Environment for Automated Genetic Component Assembly | B8: 2023 | D8: 2016 | E8: =COUNTIF(Table18141620242616[Year],D8) -> 0
A9: SynBio2Easy—a biologist-friendly tool for batch operations on SBOL designs with Excel inputs | B9: 2022 | D9: 2017 | E9: =COUNTIF(Table18141620242616[Year],D9) -> 2
A10: Synthetic Biology Curation Tools (SYNBICT). | B10: 2021 | D10: 2018 | E10: =COUNTIF(Table18141620242616[Year],D10) -> 5
A11: Stochastic Hazard Analysis of Genetic Circuits in iBioSim and STAMINA. | B11: 2021 | D11: 2019 | E11: =COUNTIF(Table18141620242616[Year],D11) -> 10
A12: BioParts-A Biological Parts Search Portal and Updates to the ICE Parts Registry Software Platform. | B12: 2021 | D12: 2020 | E12: =COUNTIF(Table18141620242616[Year],D12) -> 11
A13: paraSBOLv: a foundation for standard-compliant genetic design visualization tools | B13: 2021 | D13: 2021 | E13: =COUNTIF(Table18141620242616[Year],D13) -> 6
A14: Virtual Parts Repository 2: Model-driven design of genetic regulatory circuits | B14: 2021 | D14: 2022 | E14: =COUNTIF(Table18141620242616[Year],D14) -> 1
A15: Status and Challenges of Reproducibility in Computational Systems and Synthetic Biology | B15: 2021 | D15: 2023 | E15: =COUNTIF(Table18141620242616[Year],D15) -> 1
A16: Plant Biosystems Design Research Roadmap 1.0 | B16: 2020 | D16: 2024 | E16: =COUNTIF(Table18141620242616[Year],D16) -> 3
A17: Flapjack: a data management and analysis tool for genetic circuit characterization | B17: 2020 | D17: 2025 | E17: =COUNTIF(Table18141620242616[Year],D17) -> 0
A18: The Synthetic Biology Open Language (SBOL) Version 3: Simplified Data Exchange for Bioengineering | B18: 2020
A19: Genetic Circuit Dynamics: Hazard and Glitch Analysis. | B19: 2020
A20: Data-driven rational biosynthesis design: from molecules to cell factories | B20: 2020
A21: Enhanced production of taxadiene in Saccharomyces cerevisiae | B21: 2020
A22: Synthetic biology open language (SBOL) version 3.0.0 | B22: 2020
A23: The first 10 years of the international coordination network for standards in systems and synthetic biology (COMBINE) | B23: 2020
A24: ShortBOL: A language for scripting designs for engineered biological systems using SyntheticBiology Open Language (SBOL). | B24: 2020
A25: Opinion Plant Biosystem Design Research Roadmap 1.0 | B25: 2020
A26: Fundamentals of Molecular Biology and Genetic Circuits | B26: 2020
A27: SBOLExplorer: Data Infrastructure and Data Mining for Genetic Design Repositories. | B27: 2019
A28: Communicating Structure and Function in Synthetic Biology Diagrams. | B28: 2019
A29: A Computational Workflow for the Automated Generation of Models of Genetic Designs. | B29: 2019
... A43: Methods and Tools for the Analysis, Verification and Synthesis of Genetic Logic Circuits, | B43: 2017

Sheet 2021 paraSBOL
A1: SBOL Visual Citations
A3: paraSBOLv: a foundation for standard-compliant genetic design visualization tools | B3: 2021
A4: Title | B4: Year | D4: Year | E4: Citations
A5: Structure-guided design of protein attachment points for functional augmentation of complex molecular machines | B5: 2025 | D5: 2013 | E5: =COUNTIF(Table181416202426[Year],D5) -> 0
A6: Specifications of standards in systems and synthetic biology: status, developments, and tools in 2024 | B6: 2024 | D6: 2014 | E6: =COUNTIF(Table181416202426[Year],D6) -> 0
A7: A Visual Comprehensive Evaluation of Cultural and Creative Industry Projects Based on Improved Literature Measurement Method | B7: 2022 | D7: 2015 | E7: =COUNTIF(Table181416202426[Year],D7) -> 0
A8: Tyto: A Python Tool Enabling Better Annotation Practices for Synthetic Biology Data-Sharing. | B8: 2022 | D8: 2016 | E8: =COUNTIF(Table181416202426[Year],D8) -> 0
D9: 2017 | E9: =COUNTIF(Table181416202426[Year],D9) -> 0
D10: 2018 | E10: =COUNTIF(Table181416202426[Year],D10) -> 0
D11: 2019 | E11: =COUNTIF(Table181416202426[Year],D11) -> 0
D12: 2020 | E12: =COUNTIF(Table181416202426[Year],D12) -> 0
D13: 2021 | E13: =COUNTIF(Table181416202426[Year],D13) -> 0
D14: 2022 | E14: =COUNTIF(Table181416202426[Year],D14) -> 2
D15: 2023 | E15: =COUNTIF(Table181416202426[Year],D15) -> 0
D16: 2024 | E16: =COUNTIF(Table181416202426[Year],D16) -> 1
D17: 2025 | E17: =COUNTIF(Table181416202426[Year],D17) -> 1

Sheet 2021 SBOLCanvas
A1: SBOL Visual Citations
A3: SBOLCanvas: A Visual Editor for Genetic Designs. | B3: 2021
A4: Title | B4: Year | D4: Year | E4: Citations
A5: Translating weighted probabilistic bits to synthetic genetic circuits | B5: 2024 | D5: 2013 | E5: =COUNTIF(Table18141620[Year],D5) -> 0
A6: Energy Aware Technology Mapping of Genetic Logic Circuits | B6: 2024 | D6: 2014 | E6: =COUNTIF(Table18141620[Year],D6) -> 0
A7: Specifications of standards in systems and synthetic biology: status, developments, and tools in 2024 | B7: 2024 | D7: 2015 | E7: =COUNTIF(Table18141620[Year],D7) -> 0
A8: Digitalized design of cell factory enables green biomanufacturing Digitalized design of cell factory enables green biomanufacturing | B8: 2024 | D8: 2016 | E8: =COUNTIF(Table18141620[Year],D8) -> 0
A9: pyBrick-DNA: A Python-Based Environment for Automated Genetic Component Assembly | B9: 2023 | D9: 2017 | E9: =COUNTIF(Table18141620[Year],D9) -> 0
A10: SynBioSuite: A Tool for Improving the Workflow for Genetic Design and Modeling. | B10: 2023 | D10: 2018 | E10: =COUNTIF(Table18141620[Year],D10) -> 0
A11: Excel-SBOL Converter: Creating SBOL from Excel Templates and Vice Versa | B11: 2022 | D11: 2019 | E11: =COUNTIF(Table18141620[Year],D11) -> 0
A12: Engineering genetic circuits: advancements in genetic design automation tools and standards for synthetic biology. | B12: 2022 | D12: 2020 | E12: =COUNTIF(Table18141620[Year],D12) -> 0
A13: LOICA: Integrating Models with Data for Genetic Network Design Automation | B13: 2022 | D13: 2021 | E13: =COUNTIF(Table18141620[Year],D13) -> 2
A14: Synthetic Biology Knowledge System. | B14: 2021 | D14: 2022 | E14: =COUNTIF(Table18141620[Year],D14) -> 3
A15: paraSBOLv: a foundation for standard-compliant genetic design visualization tools | B15: 2021 | D15: 2023 | E15: =COUNTIF(Table18141620[Year],D15) -> 2
D16: 2024 | E16: =COUNTIF(Table18141620[Year],D16) -> 4
D17: 2025 | E17: =COUNTIF(Table18141620[Year],D17) -> 0
